Aarti Industries Ltd,
ABB India Ltd,
Abbott India Ltd,
ACC Ltd,
Adani Energy Solutions Ltd,
Adani Enterprises Ltd,
Adani Green Energy Ltd,
Adani Ports and Special Economic Zone Ld,
Adani Total Gas Ltd,
Aditya Birla Capital Ltd,
Aditya Birla Fashion and Retail Ltd,
Alkem Laboratories Ltd,
Ambuja Cements Ltd,
Angel One Ltd,
Apl Apollo Tubes Ltd,
Apollo Hospitals Enterprise Ltd,
Apollo Tyres Ltd,
Ashok Leyland Ltd,
Asian Paints Ltd,
Astral Ltd,
Atul Ltd,
AU Small Finance Bank Ltd,
Aurobindo Pharma Ltd,
Avenue Supermarts Ltd,
Axis Bank Ltd,
Bajaj Auto Limited,
Bajaj Finance Ltd,
Bajaj Finserv Ltd,
Balkrishna Industries Ltd,
Bandhan Bank Ltd,
Bank of Baroda Ltd,
Bank of India Ltd,
Bata India Ltd,
Berger Paints India Ltd,
Bharat Electronics Ltd,
Bharat Forge Ltd,
Bharat Heavy Electricals Ltd,
Bharat Petroleum Corporation Ltd,
Bharti Airtel Ltd,
Biocon Ltd,
Birlasoft Ltd,
Bosch Ltd,
Britannia Industries Ltd,
BSE Ltd,
Can Fin Homes Ltd,
Canara Bank Ltd,
Central Depository Services (India) Ltd,
CESC Ltd,
CG Power and Industrial Solutions Ltd,
Chambal Fertilisers and Chemicals Ltd,
Cholamandalam Investment and Fin Co Ltd,
Cipla Ltd,
City Union Bank Ltd,
Coal India Ltd,
Coforge Ltd,
Colgate-Palmolive (India) Ltd,
Computer Age Management Services Ltd,
Container Corporation of India Ltd,
Coromandel International Ltd,
Crompton Greaves Consumer Electricls Ltd,
Cummins India Ltd,
Cyient Ltd,
Dabur India Ltd,
Dalmia Bharat Ltd,
Deepak Nitrite Ltd,
Delhivery,
Divi's Laboratories Ltd,
Dixon Technologies (India) Ltd,
DLF Ltd,
Dr Reddy's Laboratories Ltd,
Dr. Lal PathLabs Ltd,
Eicher Motors Ltd,
Escorts Kubota Ltd,
Exide Industries Ltd,
Federal Bank Ltd,
Fsn E-Commerce Ventures Ltd,
Gail (India) Ltd,
Glenmark Pharmaceuticals Ltd,
GMR Airports Ltd,
Godrej Consumer Products Limited,
Godrej Properties Ltd,
Granules India Ltd,
Grasim Industries Ltd,
Gujarat Gas Ltd,
Gujarat Narmada Vly Frtlzrs & Chmcl Ltd,
Havells India Ltd,
HCL Technologies Ltd,
HDFC Asset Management Company Ltd,
HDFC Bank Ltd,
HDFC Life Insurance Company Ltd,
Hero Motocorp Ltd,
HFCL Ltd,
Hindalco Industries Ltd,
Hindustan Aeronautics Ltd,
Hindustan Copper Ltd.,
Hindustan Petroleum Corp Ltd,
Hindustan Unilever Ltd,
Housing And Urban Development Corp Ltd,
ICICI Bank Ltd,
ICICI Lombard General Insurance Co Ltd,
Icici Prudential Life Insurance Comp Ltd,
IDFC First Bank Ltd,
IndiaMART InterMESH Ltd,
Indian Bank,
Indian Energy Exchange Ltd,
Indian Hotels Company Ltd,
Indian Oil Corporation Ltd,
Indian Railway Ctrng nd Trsm Corp Ltd,
Indian Railway Finance Corp Ltd,
Indraprastha Gas Limited,
Indus Towers Ltd,
Indusind Bank Ltd,
Info Edge (India) Ltd,
Infosys Ltd,
Interglobe Aviation Ltd,
IPCA Laboratories Ltd,
Irb Infrastructure Developers Ltd,
ITC Ltd,
J K Cement Ltd,
Jindal Stainless Ltd,
Jindal Steel And Power Ltd,
Jio Financial Services Ltd,
JSW Energy Ltd,
JSW Steel Ltd,
Jubilant FoodWorks Ltd,
Kalyan Jewellers India Ltd,
KEI Industries Ltd,
Kotak Mahindra Bank Ltd Fully Paid Ord. Shrs,
KPIT Technologies Ltd,
L&T Finance Ltd,
L&T Technology Services Ltd,
Larsen and Toubro Ltd,
Laurus Labs Ltd,
LIC Housing Finance Ltd,
Life Insurance Corporation of India,
LTIMindtree Ltd,
Lupin Ltd,
Macrotech Developers Ltd,
Mahanagar Gas Ltd,
Mahindra and Mahindra Financial Svcs Ltd,
Mahindra And Mahindra Ltd,
Manappuram Finance Ltd,
Marico Ltd,
Maruti Suzuki India Ltd,
Max Financial Services Ltd,
Max Healthcare Institute Ltd,
Metropolis Healthcare Ltd,
Mphasis Ltd,
MRF Ltd,
Multi Commodity Exchange Of India Ltd,
Muthoot Finance Ltd,
National Aluminium Co Ltd,
Navin Fluorine International Limited,
NCC Ltd,
Nestle India Ltd,
NHPC Ltd,
NMDC Ltd,
NTPC Ltd,
Oberoi Realty Ltd,
Oil and Natural Gas Corporation Ltd,
Oil India Ltd,
One 97 Communications Ltd,
Oracle Financial Services Software Ltd,
Page Industries Ltd,
PB Fintech Ltd,
Persistent Systems Ltd,
PI Industries Ltd,
Pidilite Industries Ltd,
Piramal Enterprises Ltd,
Polycab India Ltd,
Poonawalla Fincorp Ltd,
Power Finance Corporation Ltd,
Power Grid Corporation of India Ltd,
Prestige Estates Projects Limited,
Punjab National Bank,
PVR INOX Ltd,
Ramco Cements Limited,
RBL Bank Ltd,
REC Limited,
Reliance Industries Ltd,
SBI Cards and Payment Services Ltd,
Sbi Life Insurance Company Ltd,
Shree Cement Ltd,
Shriram Finance Ltd,
Siemens Ltd,
SJVN Ltd,
Sona Blw Precision Forgings Ltd,
SRF Ltd,
State Bank of India,
Steel Authority of India Ltd,
Sun Pharmaceutical Industries Ltd,
Sun Tv Network Ltd,
Supreme Industries Ltd,
Syngene International Ltd,
Tata Chemicals Ltd,
Tata Communications Ltd,
Tata Consultancy Services Ltd,
Tata Consumer Products Ltd,
Tata Elxsi Ltd,
Tata Motors Ltd,
Tata Power Company Ltd,
Tata Steel Ltd,
Tech Mahindra Ltd,
Titan Company Ltd,
Torrent Pharmaceuticals Ltd,
Trent Ltd,
Tube Investments of India Ltd,
TVS Motor Company Ltd,
UltraTech Cement Ltd,
Union Bank of India Ltd,
United Breweries Ltd,
United Spirits Ltd,
Varun Beverages Ltd,
Vedanta Ltd,
Vodafone Idea Ltd,
Voltas Ltd,
Wipro Ltd,
Yes Bank Ltd,
Zomato Ltd,
Zydus Lifesciences Ltd,
